re, im
1047552.000000, 1047552.000000
0.000000, 0.000000
-334795.000000, 332747.000000
0.000000, 0.000000
-167907.937500, 165859.937500
0.000000, 0.000000
-112278.242188, 110230.218750
0.000000, 0.000000
-84462.828125, 82414.828125
0.000000, 0.000000
-67773.171875, 65725.187500
0.000000, 0.000000
-56646.406250, 54598.398438
0.000000, 0.000000
-48698.371094, 46650.382812
0.000000, 0.000000
-42737.132812, 40689.128906
0.000000, 0.000000
-38100.367188, 36052.375000
0.000000, 0.000000
-34390.730469, 32342.742188
0.000000, 0.000000
-31355.390625, 29307.402344
0.000000, 0.000000
-28825.777344, 26777.773438
0.000000, 0.000000
-26685.158203, 24637.160156
0.000000, 0.000000
-24850.187500, 22802.195312
0.000000, 0.000000
-23259.750000, 21211.773438
0.000000, 0.000000
-21867.998047, 19819.996094
0.000000, 0.000000
-20639.841797, 18591.855469
0.000000, 0.000000
-19548.042969, 17500.046875
0.000000, 0.000000
-18571.050781, 16523.052734
0.000000, 0.000000
-17691.652344, 15643.658203
0.000000, 0.000000
-16895.906250, 14847.914062
0.000000, 0.000000
-16172.411133, 14124.416016
0.000000, 0.000000
-15511.728516, 13463.736328
0.000000, 0.000000
-14906.030273, 12858.029297
0.000000, 0.000000
-14348.693359, 12300.698242
0.000000, 0.000000
-13834.148438, 11786.149414
0.000000, 0.000000
-13357.636719, 11309.644531
0.000000, 0.000000
-12915.088867, 10867.093750
0.000000, 0.000000
-12502.999023, 10455.001953
0.000000, 0.000000
-12118.296875, 10070.308594
0.000000, 0.000000
-11758.349609, 9710.357422
0.000000, 0.000000
-11420.845703, 9372.845703
0.000000, 0.000000
-11103.721680, 9055.718750
0.000000, 0.000000
-10805.193359, 8757.199219
0.000000, 0.000000
-10523.664062, 8475.666992
0.000000, 0.000000
-10257.718750, 8209.719727
0.000000, 0.000000
-10006.085938, 7958.089355
0.000000, 0.000000
-9767.646484, 7719.646973
0.000000, 0.000000
-9541.374023, 7493.377930
0.000000, 0.000000
-9326.371094, 7278.373535
0.000000, 0.000000
-9121.804688, 7073.803711
0.000000, 0.000000
-8926.920898, 6878.924805
0.000000, 0.000000
-8741.058594, 6693.061523
0.000000, 0.000000
-8563.595703, 6515.598145
0.000000, 0.000000
-8393.972656, 6345.974609
0.000000, 0.000000
-8231.675781, 6183.680176
0.000000, 0.000000
-8076.242188, 6028.250488
0.000000, 0.000000
-7927.247559, 5879.247559
0.000000, 0.000000
-7784.281738, 5736.288574
0.000000, 0.000000
-7647.000000, 5599.001953
0.000000, 0.000000
-7515.052246, 5467.056641
0.000000, 0.000000
-7388.146484, 5340.147461
0.000000, 0.000000
-7265.987305, 5217.987793
0.000000, 0.000000
-7148.309570, 5100.313477
0.000000, 0.000000
-7034.874023, 4986.876953
0.000000, 0.000000
-6925.453613, 4877.456543
0.000000, 0.000000
-6819.836914, 4771.841309
0.000000, 0.000000
-6717.826172, 4669.827637
0.000000, 0.000000
-6619.231934, 4571.234863
0.000000, 0.000000
-6523.891113, 4475.897461
0.000000, 0.000000
-6431.639648, 4383.643555
0.000000, 0.000000
-6342.333008, 4294.337402
0.000000, 0.000000
-6255.810547, 4207.809570
0.000000, 0.000000
-6171.995605, 4123.995605
0.000000, 0.000000
-6090.702148, 4042.712891
0.000000, 0.000000
-6011.846191, 3963.845215
0.000000, 0.000000
-5935.311523, 3887.310547
0.000000, 0.000000
-5860.995117, 3812.998047
0.000000, 0.000000
-5788.803711, 3740.803711
0.000000, 0.000000
-5718.641602, 3670.643311
0.000000, 0.000000
-5650.425293, 3602.427490
0.000000, 0.000000
-5584.079590, 3536.079834
0.000000, 0.000000
-5519.518555, 3471.519043
0.000000, 0.000000
-5456.672852, 3408.674316
0.000000, 0.000000
-5395.475098, 3347.477051
0.000000, 0.000000
-5335.861328, 3287.861328
0.000000, 0.000000
-5277.766602, 3229.766602
0.000000, 0.000000
-5221.131836, 3173.134033
0.000000, 0.000000
-5165.907227, 3117.911133
0.000000, 0.000000
-5112.036621, 3064.037598
0.000000, 0.000000
-5059.467773, 3011.470215
0.000000, 0.000000
-5008.158203, 2960.157227
0.000000, 0.000000
-4958.054688, 2910.055664
0.000000, 0.000000
-4909.119629, 2861.121582
0.000000, 0.000000
-4861.312500, 2813.313721
0.000000, 0.000000
-4814.590820, 2766.592041
0.000000, 0.000000
-4768.916016, 2720.919434
0.000000, 0.000000
-4724.259766, 2676.261230
0.000000, 0.000000
-4680.582031, 2632.582520
0.000000, 0.000000
-4637.848145, 2589.849121
0.000000, 0.000000
-4596.029297, 2548.032227
0.000000, 0.000000
-4555.097656, 2507.100098
0.000000, 0.000000
-4515.025879, 2467.026855
0.000000, 0.000000
-4475.777832, 2427.782227
0.000000, 0.000000
-4437.334473, 2389.339355
0.000000, 0.000000
-4399.675781, 2351.675781
0.000000, 0.000000
-4362.764160, 2314.764893
0.000000, 0.000000
-4326.586914, 2278.590332
0.000000, 0.000000
-4291.119141, 2243.119629
0.000000, 0.000000
-4256.338379, 2208.339355
0.000000, 0.000000
-4222.222656, 2174.224121
0.000000, 0.000000
-4188.755371, 2140.757812
0.000000, 0.000000
-4155.917969, 2107.919189
0.000000, 0.000000
-4123.691895, 2075.692383
0.000000, 0.000000
-4092.057373, 2044.058472
0.000000, 0.000000
-4061.000000, 2013.000122
0.000000, 0.000000
-4030.500732, 1982.502441
0.000000, 0.000000
-4000.547363, 1952.549316
0.000000, 0.000000
-3971.126221, 1923.125366
0.000000, 0.000000
-3942.213623, 1894.215698
0.000000, 0.000000
-3913.805420, 1865.810669
0.000000, 0.000000
-3885.886230, 1837.888062
0.000000, 0.000000
-3858.443115, 1810.444458
0.000000, 0.000000
-3831.459473, 1783.461304
0.000000, 0.000000
-3804.925049, 1756.926880
0.000000, 0.000000
-3778.833252, 1730.833618
0.000000, 0.000000
-3753.164551, 1705.166016
0.000000, 0.000000
-3727.913330, 1679.915161
0.000000, 0.000000
-3703.065674, 1655.068970
0.000000, 0.000000
-3678.618896, 1630.621948
0.000000, 0.000000
-3654.555420, 1606.557373
0.000000, 0.000000
-3630.866699, 1582.869141
0.000000, 0.000000
-3607.549561, 1559.551880
0.000000, 0.000000
-3584.585449, 1536.588013
0.000000, 0.000000
-3561.967285, 1513.975220
0.000000, 0.000000
-3539.692139, 1491.695557
0.000000, 0.000000
-3517.758301, 1469.769043
0.000000, 0.000000
-3496.154785, 1448.154663
0.000000, 0.000000
-3474.859375, 1426.862305
0.000000, 0.000000
-3453.874512, 1405.879761
0.000000, 0.000000
-3433.194824, 1385.196533
0.000000, 0.000000
-3412.809570, 1364.809692
0.000000, 0.000000
-3392.717773, 1344.715454
0.000000, 0.000000
-3372.904541, 1324.904297
0.000000, 0.000000
-3353.369385, 1305.370972
0.000000, 0.000000
-3334.106445, 1286.107788
0.000000, 0.000000
-3315.108887, 1267.107544
0.000000, 0.000000
-3296.368164, 1248.368286
0.000000, 0.000000
-3277.881348, 1229.882324
0.000000, 0.000000
-3259.643066, 1211.643799
0.000000, 0.000000
-3241.647461, 1193.648804
0.000000, 0.000000
-3223.887939, 1175.889404
0.000000, 0.000000
-3206.363037, 1158.365723
0.000000, 0.000000
-3189.066406, 1141.066406
0.000000, 0.000000
-3171.990967, 1123.992310
0.000000, 0.000000
-3155.134766, 1107.134888
0.000000, 0.000000
-3138.491455, 1090.491943
0.000000, 0.000000
-3122.058594, 1074.059204
0.000000, 0.000000
-3105.830078, 1057.831665
0.000000, 0.000000
-3089.803711, 1041.804810
0.000000, 0.000000
-3073.973633, 1025.975220
0.000000, 0.000000
-3058.338623, 1010.338623
0.000000, 0.000000
-3042.891846, 994.892578
0.000000, 0.000000
-3027.630615, 979.630737
0.000000, 0.000000
-3012.551270, 964.552490
0.000000, 0.000000
-2997.650146, 949.651611
0.000000, 0.000000
-2982.926514, 934.927246
0.000000, 0.000000
-2968.372559, 920.374634
0.000000, 0.000000
-2953.987061, 905.988892
0.000000, 0.000000
-2939.769043, 891.769531
0.000000, 0.000000
-2925.710938, 877.711426
0.000000, 0.000000
-2911.813965, 863.815308
0.000000, 0.000000
-2898.072998, 850.073486
0.000000, 0.000000
-2884.485840, 836.485352
0.000000, 0.000000
-2871.047852, 823.047974
0.000000, 0.000000
-2857.758301, 809.758789
0.000000, 0.000000
-2844.612793, 796.614258
0.000000, 0.000000
-2831.612305, 783.613281
0.000000, 0.000000
-2818.751221, 770.751587
0.000000, 0.000000
-2806.027344, 758.028076
0.000000, 0.000000
-2793.437988, 745.438843
0.000000, 0.000000
-2780.982422, 732.983154
0.000000, 0.000000
-2768.656738, 720.657349
0.000000, 0.000000
-2756.458252, 708.460327
0.000000, 0.000000
-2744.386719, 696.390015
0.000000, 0.000000
-2732.440430, 684.441284
0.000000, 0.000000
-2720.614746, 672.615967
0.000000, 0.000000
-2708.909180, 660.909058
0.000000, 0.000000
-2697.319336, 649.320435
0.000000, 0.000000
-2685.846680, 637.847168
0.000000, 0.000000
-2674.487305, 626.487915
0.000000, 0.000000
-2663.239014, 615.240479
0.000000, 0.000000
-2652.100098, 604.102783
0.000000, 0.000000
-2641.071777, 593.072998
0.000000, 0.000000
-2630.149414, 582.150391
0.000000, 0.000000
-2619.331543, 571.331665
0.000000, 0.000000
-2608.614258, 560.615967
0.000000, 0.000000
-2598.000000, 550.002441
0.000000, 0.000000
-2587.483643, 539.486572
0.000000, 0.000000
-2577.067627, 529.070557
0.000000, 0.000000
-2566.740234, 518.745361
0.000000, 0.000000
-2556.524414, 508.524292
0.000000, 0.000000
-2546.392090, 498.395386
0.000000, 0.000000
-2536.351562, 488.352295
0.000000, 0.000000
-2526.402832, 478.403442
0.000000, 0.000000
-2516.543213, 468.544678
0.000000, 0.000000
-2506.770508, 458.771729
0.000000, 0.000000
-2497.085449, 449.085815
0.000000, 0.000000
-2487.483887, 439.485352
0.000000, 0.000000
-2477.968506, 429.968750
0.000000, 0.000000
-2468.533691, 420.534302
0.000000, 0.000000
-2459.180420, 411.181274
0.000000, 0.000000
-2449.907715, 401.908936
0.000000, 0.000000
-2440.713379, 392.714722
0.000000, 0.000000
-2431.597656, 383.597900
0.000000, 0.000000
-2422.557373, 374.558350
0.000000, 0.000000
-2413.593262, 365.595093
0.000000, 0.000000
-2404.704102, 356.704346
0.000000, 0.000000
-2395.886719, 347.888306
0.000000, 0.000000
-2387.142822, 339.143311
0.000000, 0.000000
-2378.468750, 330.470215
0.000000, 0.000000
-2369.866455, 321.866577
0.000000, 0.000000
-2361.332031, 313.332764
0.000000, 0.000000
-2352.865723, 304.866699
0.000000, 0.000000
-2344.465820, 296.468018
0.000000, 0.000000
-2336.134277, 288.135254
0.000000, 0.000000
-2327.866699, 279.867798
0.000000, 0.000000
-2319.665039, 271.664307
0.000000, 0.000000
-2311.524414, 263.525513
0.000000, 0.000000
-2303.446289, 255.447754
0.000000, 0.000000
-2295.432129, 247.432495
0.000000, 0.000000
-2287.476562, 239.479248
0.000000, 0.000000
-2279.581055, 231.583496
0.000000, 0.000000
-2271.746582, 223.747803
0.000000, 0.000000
-2263.970215, 215.970215
0.000000, 0.000000
-2256.251465, 208.251831
0.000000, 0.000000
-2248.587891, 200.588501
0.000000, 0.000000
-2240.981934, 192.982544
0.000000, 0.000000
-2233.429688, 185.431030
0.000000, 0.000000
-2225.932617, 177.933838
0.000000, 0.000000
-2218.488770, 170.490723
0.000000, 0.000000
-2211.101074, 163.100952
0.000000, 0.000000
-2203.763672, 155.762939
0.000000, 0.000000
-2196.476807, 148.477539
0.000000, 0.000000
-2189.241455, 141.242310
0.000000, 0.000000
-2182.057129, 134.058228
0.000000, 0.000000
-2174.921631, 126.922852
0.000000, 0.000000
-2167.834961, 119.837402
0.000000, 0.000000
-2160.800293, 112.800781
0.000000, 0.000000
-2153.809570, 105.811035
0.000000, 0.000000
-2146.866699, 98.867554
0.000000, 0.000000
-2139.970947, 91.972046
0.000000, 0.000000
-2133.119873, 85.121948
0.000000, 0.000000
-2126.315430, 78.317261
0.000000, 0.000000
-2119.553955, 71.557251
0.000000, 0.000000
-2112.842041, 64.842651
0.000000, 0.000000
-2106.168457, 58.169067
0.000000, 0.000000
-2099.539795, 51.541382
0.000000, 0.000000
-2092.953613, 44.954590
0.000000, 0.000000
-2086.406494, 38.411987
0.000000, 0.000000
-2079.901855, 31.910034
0.000000, 0.000000
-2073.438232, 25.444214
0.000000, 0.000000
-2067.025146, 19.025024
0.000000, 0.000000
-2060.640137, 12.646973
0.000000, 0.000000
-2054.294678, 6.306396
0.000000, 0.000000
-2048.000000, 0.000000
0.000000, 0.000000
-2041.743774, -6.267700
0.000000, 0.000000
-2035.510132, -12.488647
0.000000, 0.000000
-2029.319824, -18.675903
0.000000, 0.000000
-2023.170654, -24.827148
0.000000, 0.000000
-2017.056274, -30.943726
0.000000, 0.000000
-2010.978149, -37.021118
0.000000, 0.000000
-2004.934937, -43.063843
0.000000, 0.000000
-1998.927979, -49.071411
0.000000, 0.000000
-1992.958008, -55.042236
0.000000, 0.000000
-1987.020264, -60.981079
0.000000, 0.000000
-1981.117065, -66.882935
0.000000, 0.000000
-1975.246826, -72.752930
0.000000, 0.000000
-1969.410278, -78.588501
0.000000, 0.000000
-1963.607666, -84.391357
0.000000, 0.000000
-1957.837158, -90.161377
0.000000, 0.000000
-1952.099365, -95.900024
0.000000, 0.000000
-1946.392944, -101.606689
0.000000, 0.000000
-1940.718384, -107.282349
0.000000, 0.000000
-1935.074097, -112.925903
0.000000, 0.000000
-1929.460938, -118.539062
0.000000, 0.000000
-1923.878174, -124.121094
0.000000, 0.000000
-1918.325317, -129.674316
0.000000, 0.000000
-1912.802124, -135.196899
0.000000, 0.000000
-1907.308350, -140.691284
0.000000, 0.000000
-1901.843994, -146.155762
0.000000, 0.000000
-1896.407593, -151.591797
0.000000, 0.000000
-1890.999756, -156.999268
0.000000, 0.000000
-1885.619263, -162.379639
0.000000, 0.000000
-1880.268311, -167.731567
0.000000, 0.000000
-1874.943359, -173.055542
0.000000, 0.000000
-1869.644897, -178.353271
0.000000, 0.000000
-1864.375366, -183.624878
0.000000, 0.000000
-1859.129517, -188.869873
0.000000, 0.000000
-1853.912842, -194.086792
0.000000, 0.000000
-1848.720581, -199.279053
0.000000, 0.000000
-1843.553833, -204.446167
0.000000, 0.000000
-1838.412354, -209.587280
0.000000, 0.000000
-1833.295898, -214.703857
0.000000, 0.000000
-1828.203857, -219.795166
0.000000, 0.000000
-1823.137451, -224.862305
0.000000, 0.000000
-1818.094727, -229.905273
0.000000, 0.000000
-1813.075439, -234.923828
0.000000, 0.000000
-1808.080200, -239.919067
0.000000, 0.000000
-1803.108398, -244.891113
0.000000, 0.000000
-1798.159790, -249.840088
0.000000, 0.000000
-1793.233521, -254.765503
0.000000, 0.000000
-1788.330444, -259.667847
0.000000, 0.000000
-1783.450195, -264.549805
0.000000, 0.000000
-1778.591553, -269.407471
0.000000, 0.000000
-1773.755127, -274.244751
0.000000, 0.000000
-1768.939575, -279.059326
0.000000, 0.000000
-1764.146362, -283.853516
0.000000, 0.000000
-1759.374146, -288.625732
0.000000, 0.000000
-1754.622559, -293.376709
0.000000, 0.000000
-1749.891357, -298.107300
0.000000, 0.000000
-1745.181396, -302.817505
0.000000, 0.000000
-1740.492554, -307.506836
0.000000, 0.000000
-1735.822998, -312.176880
0.000000, 0.000000
-1731.172607, -316.826538
0.000000, 0.000000
-1726.542969, -321.456177
0.000000, 0.000000
-1721.931152, -326.067139
0.000000, 0.000000
-1717.340210, -330.658569
0.000000, 0.000000
-1712.761475, -335.231689
0.000000, 0.000000
-1708.214844, -339.784912
0.000000, 0.000000
-1703.680176, -344.317993
0.000000, 0.000000
-1699.162720, -348.836548
0.000000, 0.000000
-1694.664673, -353.334839
0.000000, 0.000000
-1690.185059, -357.814453
0.000000, 0.000000
-1685.722778, -362.277222
0.000000, 0.000000
-1681.278076, -366.721680
0.000000, 0.000000
-1676.850220, -371.148926
0.000000, 0.000000
-1672.441162, -375.559204
0.000000, 0.000000
-1668.048218, -379.951904
0.000000, 0.000000
-1663.671997, -384.327759
0.000000, 0.000000
-1659.312744, -388.686768
0.000000, 0.000000
-1654.970215, -393.029541
0.000000, 0.000000
-1650.643799, -397.355713
0.000000, 0.000000
-1646.333252, -401.665527
0.000000, 0.000000
-1642.039917, -405.958862
0.000000, 0.000000
-1637.761841, -410.237671
0.000000, 0.000000
-1633.499512, -414.499756
0.000000, 0.000000
-1629.252808, -418.747192
0.000000, 0.000000
-1625.021118, -422.978271
0.000000, 0.000000
-1620.805054, -427.194580
0.000000, 0.000000
-1616.603760, -431.395874
0.000000, 0.000000
-1612.417236, -435.582275
0.000000, 0.000000
-1608.245483, -439.753540
0.000000, 0.000000
-1604.088867, -443.910767
0.000000, 0.000000
-1599.946655, -448.053711
0.000000, 0.000000
-1595.817871, -452.181885
0.000000, 0.000000
-1591.703613, -456.295532
0.000000, 0.000000
-1587.602905, -460.395874
0.000000, 0.000000
-1583.517578, -464.482544
0.000000, 0.000000
-1579.443970, -468.554321
0.000000, 0.000000
-1575.384277, -472.613525
0.000000, 0.000000
-1571.339355, -476.660278
0.000000, 0.000000
-1567.306152, -480.693115
0.000000, 0.000000
-1563.287598, -484.712036
0.000000, 0.000000
-1559.280884, -488.718872
0.000000, 0.000000
-1555.287598, -492.712646
0.000000, 0.000000
-1551.306152, -496.693359
0.000000, 0.000000
-1547.337769, -500.661621
0.000000, 0.000000
-1543.381348, -504.617676
0.000000, 0.000000
-1539.438354, -508.561523
0.000000, 0.000000
-1535.506836, -512.493042
0.000000, 0.000000
-1531.587280, -516.412476
0.000000, 0.000000
-1527.679443, -520.319580
0.000000, 0.000000
-1523.783691, -524.215576
0.000000, 0.000000
-1519.900024, -528.100220
0.000000, 0.000000
-1516.026245, -531.972046
0.000000, 0.000000
-1512.165894, -535.832886
0.000000, 0.000000
-1508.315552, -539.683594
0.000000, 0.000000
-1504.477539, -543.522583
0.000000, 0.000000
-1500.649658, -547.350220
0.000000, 0.000000
-1496.832153, -551.167114
0.000000, 0.000000
-1493.026978, -554.973389
0.000000, 0.000000
-1489.231079, -558.768311
0.000000, 0.000000
-1485.446045, -562.553101
0.000000, 0.000000
-1481.670654, -566.327026
0.000000, 0.000000
-1477.907837, -570.090942
0.000000, 0.000000
-1474.153931, -573.845093
0.000000, 0.000000
-1470.409302, -577.588501
0.000000, 0.000000
-1466.677368, -581.322266
0.000000, 0.000000
-1462.952393, -585.045898
0.000000, 0.000000
-1459.236938, -588.758911
0.000000, 0.000000
-1455.528687, -592.464233
0.000000, 0.000000
-1451.838135, -596.157104
0.000000, 0.000000
-1448.154785, -599.845337
0.000000, 0.000000
-1444.479004, -603.520386
0.000000, 0.000000
-1440.812744, -607.186401
0.000000, 0.000000
-1437.154663, -610.844971
0.000000, 0.000000
-1433.505249, -614.493896
0.000000, 0.000000
-1429.866577, -618.134399
0.000000, 0.000000
-1426.235229, -621.764160
0.000000, 0.000000
-1422.613403, -625.385620
0.000000, 0.000000
-1419.000488, -628.999023
0.000000, 0.000000
-1415.395508, -632.604736
0.000000, 0.000000
-1411.798950, -636.200439
0.000000, 0.000000
-1408.211304, -639.788574
0.000000, 0.000000
-1404.631470, -643.368408
0.000000, 0.000000
-1401.059937, -646.939697
0.000000, 0.000000
-1397.495850, -650.503174
0.000000, 0.000000
-1393.941162, -654.058594
0.000000, 0.000000
-1390.393311, -657.606812
0.000000, 0.000000
-1386.853516, -661.146362
0.000000, 0.000000
-1383.320923, -664.678955
0.000000, 0.000000
-1379.796143, -668.203369
0.000000, 0.000000
-1376.278931, -671.720581
0.000000, 0.000000
-1372.769287, -675.229736
0.000000, 0.000000
-1369.266968, -678.732422
0.000000, 0.000000
-1365.771484, -682.227295
0.000000, 0.000000
-1362.283691, -685.715698
0.000000, 0.000000
-1358.803345, -689.196899
0.000000, 0.000000
-1355.328857, -692.670898
0.000000, 0.000000
-1351.861938, -696.137695
0.000000, 0.000000
-1348.401245, -699.597900
0.000000, 0.000000
-1344.948486, -703.051514
0.000000, 0.000000
-1341.501221, -706.498047
0.000000, 0.000000
-1338.060425, -709.938232
0.000000, 0.000000
-1334.626953, -713.372925
0.000000, 0.000000
-1331.198608, -716.800293
0.000000, 0.000000
-1327.778198, -720.221069
0.000000, 0.000000
-1324.363281, -723.636230
0.000000, 0.000000
-1320.954468, -727.045410
0.000000, 0.000000
-1317.551392, -730.447632
0.000000, 0.000000
-1314.154663, -733.844482
0.000000, 0.000000
-1310.763672, -737.235596
0.000000, 0.000000
-1307.379028, -740.620972
0.000000, 0.000000
-1303.999878, -744.000366
0.000000, 0.000000
-1300.625977, -747.373657
0.000000, 0.000000
-1297.257568, -750.741455
0.000000, 0.000000
-1293.895264, -754.104248
0.000000, 0.000000
-1290.538330, -757.461426
0.000000, 0.000000
-1287.185913, -760.812744
0.000000, 0.000000
-1283.839966, -764.158691
0.000000, 0.000000
-1280.498535, -767.500977
0.000000, 0.000000
-1277.162354, -770.836670
0.000000, 0.000000
-1273.831299, -774.168213
0.000000, 0.000000
-1270.505005, -777.493896
0.000000, 0.000000
-1267.184448, -780.816162
0.000000, 0.000000
-1263.867798, -784.132324
0.000000, 0.000000
-1260.556396, -787.443359
0.000000, 0.000000
-1257.248657, -790.750000
0.000000, 0.000000
-1253.946411, -794.052490
0.000000, 0.000000
-1250.649414, -797.350586
0.000000, 0.000000
-1247.356079, -800.644043
0.000000, 0.000000
-1244.067139, -803.932129
0.000000, 0.000000
-1240.782593, -807.216309
0.000000, 0.000000
-1237.501343, -810.496582
0.000000, 0.000000
-1234.225342, -813.772949
0.000000, 0.000000
-1230.948364, -817.043457
0.000000, 0.000000
-1227.685791, -820.313232
0.000000, 0.000000
-1224.422607, -823.575928
0.000000, 0.000000
-1221.161987, -826.837646
0.000000, 0.000000
-1217.905884, -830.093994
0.000000, 0.000000
-1214.654297, -833.345947
0.000000, 0.000000
-1211.405151, -836.594727
0.000000, 0.000000
-1208.160034, -839.839600
0.000000, 0.000000
-1204.918457, -843.080322
0.000000, 0.000000
-1201.681152, -846.318848
0.000000, 0.000000
-1198.446411, -849.553223
0.000000, 0.000000
-1195.215210, -852.784180
0.000000, 0.000000
-1191.987427, -856.011719
0.000000, 0.000000
-1188.762695, -859.236572
0.000000, 0.000000
-1185.541016, -862.457520
0.000000, 0.000000
-1182.322510, -865.675781
0.000000, 0.000000
-1179.107666, -868.890381
0.000000, 0.000000
-1175.896484, -872.104004
0.000000, 0.000000
-1172.687256, -875.312988
0.000000, 0.000000
-1169.480713, -878.520020
0.000000, 0.000000
-1166.276855, -881.723145
0.000000, 0.000000
-1163.075928, -884.923828
0.000000, 0.000000
-1159.877686, -888.122070
0.000000, 0.000000
-1156.681641, -891.317627
0.000000, 0.000000
-1153.488281, -894.509766
0.000000, 0.000000
-1150.298340, -897.701172
0.000000, 0.000000
-1147.110107, -900.889160
0.000000, 0.000000
-1143.923828, -904.075195
0.000000, 0.000000
-1140.739990, -907.258301
0.000000, 0.000000
-1137.558594, -910.439453
0.000000, 0.000000
-1134.379883, -913.618652
0.000000, 0.000000
-1131.204102, -916.796387
0.000000, 0.000000
-1128.028076, -919.970703
0.000000, 0.000000
-1124.855469, -923.144043
0.000000, 0.000000
-1121.683594, -926.315430
0.000000, 0.000000
-1118.514648, -929.484863
0.000000, 0.000000
-1115.346680, -932.652344
0.000000, 0.000000
-1112.181641, -935.817871
0.000000, 0.000000
-1109.017090, -938.981934
0.000000, 0.000000
-1105.854492, -942.144043
0.000000, 0.000000
-1102.693359, -945.304688
0.000000, 0.000000
-1099.534180, -948.464355
0.000000, 0.000000
-1096.375977, -951.622070
0.000000, 0.000000
-1093.218750, -954.778320
0.000000, 0.000000
-1090.063477, -957.932617
0.000000, 0.000000
-1086.911621, -961.088867
0.000000, 0.000000
-1083.757812, -964.242188
0.000000, 0.000000
-1080.605469, -967.393555
0.000000, 0.000000
-1077.456055, -970.542969
0.000000, 0.000000
-1074.305664, -973.693359
0.000000, 0.000000
-1071.157227, -976.841797
0.000000, 0.000000
-1068.008789, -979.990234
0.000000, 0.000000
-1064.862305, -983.135742
0.000000, 0.000000
-1061.714844, -986.281250
0.000000, 0.000000
-1058.568359, -989.426758
0.000000, 0.000000
-1055.423828, -992.570312
0.000000, 0.000000
-1052.277344, -995.714844
0.000000, 0.000000
-1049.132812, -998.859375
0.000000, 0.000000
-1045.990234, -1002.000000
0.000000, 0.000000
-1042.851562, -1005.148438
0.000000, 0.000000
-1039.708984, -1008.289062
0.000000, 0.000000
-1036.566406, -1011.429688
0.000000, 0.000000
-1033.421875, -1014.570312
0.000000, 0.000000
-1030.281250, -1017.710938
0.000000, 0.000000
-1027.125000, -1020.843750
0.000000, 0.000000
-1024.000000, -1024.000000
0.000000, 0.000000
-1020.859375, -1027.140625
0.000000, 0.000000
-1017.718750, -1030.289062
0.000000, 0.000000
-1014.570312, -1033.425781
0.000000, 0.000000
-1011.433594, -1036.566406
0.000000, 0.000000
-1008.289062, -1039.707031
0.000000, 0.000000
-1005.148438, -1042.849609
0.000000, 0.000000
-1002.003906, -1045.994141
0.000000, 0.000000
-998.863281, -1049.136719
0.000000, 0.000000
-995.720703, -1052.281250
0.000000, 0.000000
-992.574219, -1055.425781
0.000000, 0.000000
-989.430664, -1058.569336
0.000000, 0.000000
-986.284180, -1061.715820
0.000000, 0.000000
-983.138672, -1064.862305
0.000000, 0.000000
-979.990234, -1068.008789
0.000000, 0.000000
-976.843750, -1071.157227
0.000000, 0.000000
-973.693359, -1074.305664
0.000000, 0.000000
-970.544922, -1077.456055
0.000000, 0.000000
-967.394531, -1080.606445
0.000000, 0.000000
-964.242188, -1083.758301
0.000000, 0.000000
-961.088867, -1086.911621
0.000000, 0.000000
-957.934570, -1090.064453
0.000000, 0.000000
-954.780273, -1093.220215
0.000000, 0.000000
-951.623535, -1096.375977
0.000000, 0.000000
-948.464844, -1099.534668
0.000000, 0.000000
-945.306152, -1102.694336
0.000000, 0.000000
-942.144531, -1105.854492
0.000000, 0.000000
-938.982910, -1109.017090
0.000000, 0.000000
-935.818359, -1112.181152
0.000000, 0.000000
-932.653320, -1115.347168
0.000000, 0.000000
-929.485352, -1118.514160
0.000000, 0.000000
-926.315918, -1121.683105
0.000000, 0.000000
-923.145020, -1124.854980
0.000000, 0.000000
-919.970703, -1128.027832
0.000000, 0.000000
-916.796875, -1131.203125
0.000000, 0.000000
-913.619629, -1134.380127
0.000000, 0.000000
-910.440430, -1137.559814
0.000000, 0.000000
-907.259277, -1140.740723
0.000000, 0.000000
-904.075684, -1143.924316
0.000000, 0.000000
-900.889648, -1147.109619
0.000000, 0.000000
-897.701660, -1150.298340
0.000000, 0.000000
-894.511230, -1153.489258
0.000000, 0.000000
-891.318359, -1156.681641
0.000000, 0.000000
-888.122803, -1159.877686
0.000000, 0.000000
-884.924316, -1163.075684
0.000000, 0.000000
-881.723633, -1166.276611
0.000000, 0.000000
-878.520020, -1169.479980
0.000000, 0.000000
-875.313477, -1172.686035
0.000000, 0.000000
-872.104004, -1175.895996
0.000000, 0.000000
-868.892090, -1179.107910
0.000000, 0.000000
-865.677002, -1182.323242
0.000000, 0.000000
-862.458496, -1185.541016
0.000000, 0.000000
-859.237305, -1188.762695
0.000000, 0.000000
-856.012695, -1191.987427
0.000000, 0.000000
-852.785156, -1195.214844
0.000000, 0.000000
-849.553467, -1198.445435
0.000000, 0.000000
-846.318848, -1201.680298
0.000000, 0.000000
-843.081787, -1204.918579
0.000000, 0.000000
-839.840088, -1208.160278
0.000000, 0.000000
-836.594727, -1211.404663
0.000000, 0.000000
-833.346680, -1214.653442
0.000000, 0.000000
-830.093506, -1217.905273
0.000000, 0.000000
-826.837646, -1221.161499
0.000000, 0.000000
-823.573486, -1224.418213
0.000000, 0.000000
-820.313965, -1227.686401
0.000000, 0.000000
-817.046875, -1230.953247
0.000000, 0.000000
-813.772949, -1234.225708
0.000000, 0.000000
-810.497314, -1237.501953
0.000000, 0.000000
-807.218018, -1240.782349
0.000000, 0.000000
-803.932861, -1244.067017
0.000000, 0.000000
-800.644531, -1247.355713
0.000000, 0.000000
-797.350586, -1250.648682
0.000000, 0.000000
-794.053223, -1253.947021
0.000000, 0.000000
-790.751221, -1257.249390
0.000000, 0.000000
-787.444092, -1260.556030
0.000000, 0.000000
-784.132324, -1263.867554
0.000000, 0.000000
-780.815918, -1267.184082
0.000000, 0.000000
-777.494629, -1270.505249
0.000000, 0.000000
-774.168457, -1273.830811
0.000000, 0.000000
-770.838135, -1277.161987
0.000000, 0.000000
-767.501465, -1280.498535
0.000000, 0.000000
-764.160400, -1283.839478
0.000000, 0.000000
-760.813721, -1287.186523
0.000000, 0.000000
-757.461914, -1290.538086
0.000000, 0.000000
-754.104980, -1293.895020
0.000000, 0.000000
-750.742432, -1297.257568
0.000000, 0.000000
-747.374268, -1300.625732
0.000000, 0.000000
-744.000610, -1303.998901
0.000000, 0.000000
-740.621216, -1307.378784
0.000000, 0.000000
-737.236328, -1310.764282
0.000000, 0.000000
-733.845093, -1314.154785
0.000000, 0.000000
-730.448608, -1317.551147
0.000000, 0.000000
-727.045654, -1320.953979
0.000000, 0.000000
-723.637085, -1324.363647
0.000000, 0.000000
-720.222290, -1327.777466
0.000000, 0.000000
-716.800781, -1331.198242
0.000000, 0.000000
-713.373047, -1334.627075
0.000000, 0.000000
-709.938843, -1338.060303
0.000000, 0.000000
-706.499390, -1341.500854
0.000000, 0.000000
-703.052002, -1344.947998
0.000000, 0.000000
-699.598633, -1348.401733
0.000000, 0.000000
-696.138062, -1351.861694
0.000000, 0.000000
-692.671265, -1355.328491
0.000000, 0.000000
-689.196777, -1358.802490
0.000000, 0.000000
-685.716187, -1362.283813
0.000000, 0.000000
-682.228271, -1365.771851
0.000000, 0.000000
-678.733032, -1369.266968
0.000000, 0.000000
-675.230713, -1372.769043
0.000000, 0.000000
-671.721069, -1376.278809
0.000000, 0.000000
-668.203857, -1379.796753
0.000000, 0.000000
-664.678955, -1383.320190
0.000000, 0.000000
-661.147705, -1386.852173
0.000000, 0.000000
-657.606812, -1390.392456
0.000000, 0.000000
-654.059814, -1393.940796
0.000000, 0.000000
-650.504272, -1397.496216
0.000000, 0.000000
-646.940186, -1401.059204
0.000000, 0.000000
-643.368896, -1404.631714
0.000000, 0.000000
-639.788940, -1408.210938
0.000000, 0.000000
-636.200928, -1411.798706
0.000000, 0.000000
-632.604248, -1415.394165
0.000000, 0.000000
-629.000244, -1418.999878
0.000000, 0.000000
-625.386475, -1422.613281
0.000000, 0.000000
-621.764160, -1426.234619
0.000000, 0.000000
-618.134521, -1429.866577
0.000000, 0.000000
-614.494141, -1433.505249
0.000000, 0.000000
-610.845581, -1437.151245
0.000000, 0.000000
-607.184326, -1440.807129
0.000000, 0.000000
-603.522095, -1444.475098
0.000000, 0.000000
-599.845337, -1448.154663
0.000000, 0.000000
-596.161011, -1451.839600
0.000000, 0.000000
-592.466797, -1455.534058
0.000000, 0.000000
-588.761475, -1459.238770
0.000000, 0.000000
-585.046387, -1462.952515
0.000000, 0.000000
-581.322754, -1466.677612
0.000000, 0.000000
-577.589111, -1470.410156
0.000000, 0.000000
-573.845947, -1474.153687
0.000000, 0.000000
-570.092407, -1477.907837
0.000000, 0.000000
-566.327881, -1481.672241
0.000000, 0.000000
-562.553711, -1485.446411
0.000000, 0.000000
-558.769165, -1489.230957
0.000000, 0.000000
-554.973755, -1493.026367
0.000000, 0.000000
-551.167847, -1496.832397
0.000000, 0.000000
-547.350586, -1500.648682
0.000000, 0.000000
-543.523682, -1504.476807
0.000000, 0.000000
-539.684204, -1508.316162
0.000000, 0.000000
-535.834717, -1512.165894
0.000000, 0.000000
-531.973022, -1516.027222
0.000000, 0.000000
-528.100342, -1519.899658
0.000000, 0.000000
-524.216309, -1523.783813
0.000000, 0.000000
-520.320679, -1527.679321
0.000000, 0.000000
-516.412964, -1531.587036
0.000000, 0.000000
-512.493530, -1535.506226
0.000000, 0.000000
-508.561768, -1539.438232
0.000000, 0.000000
-504.618408, -1543.382080
0.000000, 0.000000
-500.662109, -1547.337769
0.000000, 0.000000
-496.693970, -1551.305908
0.000000, 0.000000
-492.712646, -1555.286621
0.000000, 0.000000
-488.719482, -1559.281006
0.000000, 0.000000
-484.713379, -1563.286987
0.000000, 0.000000
-480.693359, -1567.306030
0.000000, 0.000000
-476.660767, -1571.339355
0.000000, 0.000000
-472.614380, -1575.384521
0.000000, 0.000000
-468.556030, -1579.444214
0.000000, 0.000000
-464.483154, -1583.516846
0.000000, 0.000000
-460.396484, -1587.603760
0.000000, 0.000000
-456.296265, -1591.703491
0.000000, 0.000000
-452.182251, -1595.817871
0.000000, 0.000000
-448.053833, -1599.945312
0.000000, 0.000000
-443.911499, -1604.088623
0.000000, 0.000000
-439.754395, -1608.245972
0.000000, 0.000000
-435.582886, -1612.417236
0.000000, 0.000000
-431.396362, -1616.603394
0.000000, 0.000000
-427.195312, -1620.804688
0.000000, 0.000000
-422.979004, -1625.021118
0.000000, 0.000000
-418.747559, -1629.252075
0.000000, 0.000000
-414.501343, -1633.498657
0.000000, 0.000000
-410.238403, -1637.761841
0.000000, 0.000000
-405.960449, -1642.040039
0.000000, 0.000000
-401.666138, -1646.334351
0.000000, 0.000000
-397.356201, -1650.643677
0.000000, 0.000000
-393.029907, -1654.970215
0.000000, 0.000000
-388.687378, -1659.312866
0.000000, 0.000000
-384.328369, -1663.671631
0.000000, 0.000000
-379.952393, -1668.046875
0.000000, 0.000000
-375.559326, -1672.440186
0.000000, 0.000000
-371.149780, -1676.850830
0.000000, 0.000000
-366.722412, -1681.278442
0.000000, 0.000000
-362.277710, -1685.722168
0.000000, 0.000000
-357.815796, -1690.184326
0.000000, 0.000000
-353.334961, -1694.663574
0.000000, 0.000000
-348.837158, -1699.162354
0.000000, 0.000000
-344.317261, -1703.673828
0.000000, 0.000000
-339.785156, -1708.214966
0.000000, 0.000000
-335.233398, -1712.768188
0.000000, 0.000000
-330.658813, -1717.340088
0.000000, 0.000000
-326.067505, -1721.931763
0.000000, 0.000000
-321.457764, -1726.542725
0.000000, 0.000000
-316.827271, -1731.172607
0.000000, 0.000000
-312.177368, -1735.822632
0.000000, 0.000000
-307.507690, -1740.491699
0.000000, 0.000000
-302.818115, -1745.182373
0.000000, 0.000000
-298.108032, -1749.892212
0.000000, 0.000000
-293.377441, -1754.622437
0.000000, 0.000000
-288.626343, -1759.373779
0.000000, 0.000000
-283.853882, -1764.146118
0.000000, 0.000000
-279.059937, -1768.939697
0.000000, 0.000000
-274.245117, -1773.754150
0.000000, 0.000000
-269.409180, -1778.591187
0.000000, 0.000000
-264.549927, -1783.450195
0.000000, 0.000000
-259.669678, -1788.330444
0.000000, 0.000000
-254.766113, -1793.234131
0.000000, 0.000000
-249.840698, -1798.159180
0.000000, 0.000000
-244.891602, -1803.108521
0.000000, 0.000000
-239.920044, -1808.080078
0.000000, 0.000000
-234.924805, -1813.075195
0.000000, 0.000000
-229.905884, -1818.093506
0.000000, 0.000000
-224.862915, -1823.137207
0.000000, 0.000000
-219.795898, -1828.204224
0.000000, 0.000000
-214.703979, -1833.296631
0.000000, 0.000000
-209.588379, -1838.412231
0.000000, 0.000000
-204.446533, -1843.552734
0.000000, 0.000000
-199.279907, -1848.720581
0.000000, 0.000000
-194.088745, -1853.911865
0.000000, 0.000000
-188.869629, -1859.129395
0.000000, 0.000000
-183.625122, -1864.374268
0.000000, 0.000000
-178.353760, -1869.645508
0.000000, 0.000000
-173.057129, -1874.943726
0.000000, 0.000000
-167.732056, -1880.267700
0.000000, 0.000000
-162.380493, -1885.620239
0.000000, 0.000000
-157.000610, -1890.999390
0.000000, 0.000000
-151.592651, -1896.406982
0.000000, 0.000000
-146.156372, -1901.842285
0.000000, 0.000000
-140.691772, -1907.308960
0.000000, 0.000000
-135.197632, -1912.802979
0.000000, 0.000000
-129.675049, -1918.325195
0.000000, 0.000000
-124.121826, -1923.877563
0.000000, 0.000000
-118.539551, -1929.460571
0.000000, 0.000000
-112.926025, -1935.073242
0.000000, 0.000000
-107.282349, -1940.716309
0.000000, 0.000000
-101.608032, -1946.393555
0.000000, 0.000000
-95.901489, -1952.099121
0.000000, 0.000000
-90.162476, -1957.837280
0.000000, 0.000000
-84.392334, -1963.607788
0.000000, 0.000000
-78.589111, -1969.410034
0.000000, 0.000000
-72.753052, -1975.245972
0.000000, 0.000000
-66.883545, -1981.113892
0.000000, 0.000000
-60.981201, -1987.020386
0.000000, 0.000000
-55.042358, -1992.956177
0.000000, 0.000000
-49.071533, -1998.928101
0.000000, 0.000000
-43.063965, -2004.935059
0.000000, 0.000000
-37.023193, -2010.974487
0.000000, 0.000000
-30.945801, -2017.050659
0.000000, 0.000000
-24.827393, -2023.162964
0.000000, 0.000000
-18.677979, -2029.321899
0.000000, 0.000000
-12.492554, -2035.506348
0.000000, 0.000000
-6.267822, -2041.728271
0.000000, 0.000000
-0.000061, -2048.000000
0.000000, 0.000000
6.306274, -2054.310547
0.000000, 0.000000
12.642944, -2060.644043
0.000000, 0.000000
19.022949, -2067.023438
0.000000, 0.000000
25.444092, -2073.446289
0.000000, 0.000000
31.907837, -2079.907715
0.000000, 0.000000
38.409790, -2086.410645
0.000000, 0.000000
44.954468, -2092.953613
0.000000, 0.000000
51.541260, -2099.540039
0.000000, 0.000000
58.168945, -2106.170654
0.000000, 0.000000
64.842529, -2112.842285
0.000000, 0.000000
71.556519, -2119.557617
0.000000, 0.000000
78.317139, -2126.316406
0.000000, 0.000000
85.121216, -2133.120605
0.000000, 0.000000
91.970947, -2139.970947
0.000000, 0.000000
98.866455, -2146.866943
0.000000, 0.000000
105.809326, -2153.810059
0.000000, 0.000000
112.799194, -2160.799561
0.000000, 0.000000
119.837524, -2167.837402
0.000000, 0.000000
126.922729, -2174.922852
0.000000, 0.000000
134.057617, -2182.057617
0.000000, 0.000000
141.241455, -2189.242188
0.000000, 0.000000
148.476685, -2196.477051
0.000000, 0.000000
155.762085, -2203.763184
0.000000, 0.000000
163.100342, -2211.100586
0.000000, 0.000000
170.489990, -2218.490723
0.000000, 0.000000
177.932983, -2225.933594
0.000000, 0.000000
185.429443, -2233.430420
0.000000, 0.000000
192.981567, -2240.980957
0.000000, 0.000000
200.588135, -2248.588867
0.000000, 0.000000
208.250000, -2256.251465
0.000000, 0.000000
215.969604, -2263.969727
0.000000, 0.000000
223.747437, -2271.748047
0.000000, 0.000000
231.583618, -2279.581543
0.000000, 0.000000
239.476807, -2287.478027
0.000000, 0.000000
247.431519, -2295.432373
0.000000, 0.000000
255.447388, -2303.447754
0.000000, 0.000000
263.524170, -2311.524902
0.000000, 0.000000
271.664062, -2319.664307
0.000000, 0.000000
279.866943, -2327.866455
0.000000, 0.000000
288.134521, -2336.134766
0.000000, 0.000000
296.467285, -2344.467773
0.000000, 0.000000
304.865479, -2352.866211
0.000000, 0.000000
313.331665, -2361.332520
0.000000, 0.000000
321.865967, -2369.866455
0.000000, 0.000000
330.469604, -2378.469482
0.000000, 0.000000
339.142212, -2387.142578
0.000000, 0.000000
347.885864, -2395.887207
0.000000, 0.000000
356.704102, -2404.704346
0.000000, 0.000000
365.592773, -2413.594238
0.000000, 0.000000
374.557861, -2422.558594
0.000000, 0.000000
383.597046, -2431.597656
0.000000, 0.000000
392.713989, -2440.714111
0.000000, 0.000000
401.908081, -2449.908203
0.000000, 0.000000
411.180420, -2459.180908
0.000000, 0.000000
420.533447, -2468.533203
0.000000, 0.000000
429.967773, -2477.967285
0.000000, 0.000000
439.484009, -2487.485596
0.000000, 0.000000
449.085205, -2497.086426
0.000000, 0.000000
458.770752, -2506.770996
0.000000, 0.000000
468.542480, -2516.543457
0.000000, 0.000000
478.402832, -2526.402100
0.000000, 0.000000
488.351929, -2536.352051
0.000000, 0.000000
498.392822, -2546.382568
0.000000, 0.000000
508.524170, -2556.524414
0.000000, 0.000000
518.746582, -2566.750000
0.000000, 0.000000
529.069946, -2577.068359
0.000000, 0.000000
539.486450, -2587.485352
0.000000, 0.000000
550.000244, -2598.001221
0.000000, 0.000000
560.615356, -2608.615723
0.000000, 0.000000
571.330566, -2619.331055
0.000000, 0.000000
582.149048, -2630.148438
0.000000, 0.000000
593.072754, -2641.073242
0.000000, 0.000000
604.102173, -2652.102539
0.000000, 0.000000
615.239380, -2663.239746
0.000000, 0.000000
626.486816, -2674.487305
0.000000, 0.000000
637.846680, -2685.846924
0.000000, 0.000000
649.319580, -2697.319824
0.000000, 0.000000
660.907959, -2708.907715
0.000000, 0.000000
672.613159, -2720.615234
0.000000, 0.000000
684.440308, -2732.440918
0.000000, 0.000000
696.387451, -2744.388672
0.000000, 0.000000
708.459839, -2756.460449
0.000000, 0.000000
720.656616, -2768.657471
0.000000, 0.000000
732.982056, -2780.982666
0.000000, 0.000000
745.437988, -2793.438477
0.000000, 0.000000
758.026611, -2806.027100
0.000000, 0.000000
770.750366, -2818.750488
0.000000, 0.000000
783.612061, -2831.612793
0.000000, 0.000000
796.614380, -2844.614990
0.000000, 0.000000
809.758057, -2857.758545
0.000000, 0.000000
823.046875, -2871.047852
0.000000, 0.000000
836.484253, -2884.484375
0.000000, 0.000000
850.072754, -2898.074219
0.000000, 0.000000
863.812378, -2911.814453
0.000000, 0.000000
877.709961, -2925.711182
0.000000, 0.000000
891.769043, -2939.769531
0.000000, 0.000000
905.988525, -2953.987061
0.000000, 0.000000
920.372070, -2968.373535
0.000000, 0.000000
934.926147, -2982.926270
0.000000, 0.000000
949.651367, -2997.652100
0.000000, 0.000000
964.551270, -3012.551514
0.000000, 0.000000
979.630005, -3027.630615
0.000000, 0.000000
994.891113, -3042.890625
0.000000, 0.000000
1010.338501, -3058.338867
0.000000, 0.000000
1025.974609, -3073.975098
0.000000, 0.000000
1041.804077, -3089.804688
0.000000, 0.000000
1057.829834, -3105.830811
0.000000, 0.000000
1074.057861, -3122.058838
0.000000, 0.000000
1090.492065, -3138.493164
0.000000, 0.000000
1107.133179, -3155.133301
0.000000, 0.000000
1123.988403, -3171.990723
0.000000, 0.000000
1141.065308, -3189.064941
0.000000, 0.000000
1158.363281, -3206.364746
0.000000, 0.000000
1175.888672, -3223.890137
0.000000, 0.000000
1193.646851, -3241.646973
0.000000, 0.000000
1211.643433, -3259.644531
0.000000, 0.000000
1229.880981, -3277.882080
0.000000, 0.000000
1248.366943, -3296.368164
0.000000, 0.000000
1267.105957, -3315.105469
0.000000, 0.000000
1286.104858, -3334.107422
0.000000, 0.000000
1305.369263, -3353.370605
0.000000, 0.000000
1324.903198, -3372.903320
0.000000, 0.000000
1344.714966, -3392.718506
0.000000, 0.000000
1364.809326, -3412.810303
0.000000, 0.000000
1385.190552, -3433.189941
0.000000, 0.000000
1405.873901, -3453.861816
0.000000, 0.000000
1426.853027, -3474.855469
0.000000, 0.000000
1448.154541, -3496.154785
0.000000, 0.000000
1469.764893, -3517.767578
0.000000, 0.000000
1491.700928, -3539.706055
0.000000, 0.000000
1513.974243, -3561.976318
0.000000, 0.000000
1536.587769, -3584.586182
0.000000, 0.000000
1559.551636, -3607.550293
0.000000, 0.000000
1582.869507, -3630.868652
0.000000, 0.000000
1606.555298, -3654.556152
0.000000, 0.000000
1630.619141, -3678.621094
0.000000, 0.000000
1655.070557, -3703.070068
0.000000, 0.000000
1679.914185, -3727.914795
0.000000, 0.000000
1705.164673, -3753.165527
0.000000, 0.000000
1730.832153, -3778.832764
0.000000, 0.000000
1756.925903, -3804.927490
0.000000, 0.000000
1783.458984, -3831.458740
0.000000, 0.000000
1810.441162, -3858.444336
0.000000, 0.000000
1837.888184, -3885.889160
0.000000, 0.000000
1865.807129, -3913.809570
0.000000, 0.000000
1894.215698, -3942.216553
0.000000, 0.000000
1923.124268, -3971.125244
0.000000, 0.000000
1952.547974, -4000.548828
0.000000, 0.000000
1982.500244, -4030.502686
0.000000, 0.000000
2012.998901, -4061.000488
0.000000, 0.000000
2044.055908, -4092.057861
0.000000, 0.000000
2075.691895, -4123.692871
0.000000, 0.000000
2107.918945, -4155.920410
0.000000, 0.000000
2140.756836, -4188.757324
0.000000, 0.000000
2174.222656, -4222.224121
0.000000, 0.000000
2208.336914, -4256.336914
0.000000, 0.000000
2243.118896, -4291.121094
0.000000, 0.000000
2278.586182, -4326.588867
0.000000, 0.000000
2314.764160, -4362.765625
0.000000, 0.000000
2351.675293, -4399.675781
0.000000, 0.000000
2389.338379, -4437.336426
0.000000, 0.000000
2427.778809, -4475.781250
0.000000, 0.000000
2467.024414, -4515.025879
0.000000, 0.000000
2507.100098, -4555.101074
0.000000, 0.000000
2548.030273, -4596.031738
0.000000, 0.000000
2589.848145, -4637.849609
0.000000, 0.000000
2632.579590, -4680.580078
0.000000, 0.000000
2676.259766, -4724.260742
0.000000, 0.000000
2720.919434, -4768.920410
0.000000, 0.000000
2766.590088, -4814.591797
0.000000, 0.000000
2813.310791, -4861.312500
0.000000, 0.000000
2861.119385, -4909.121094
0.000000, 0.000000
2910.054443, -4958.055664
0.000000, 0.000000
2960.154297, -5008.156250
0.000000, 0.000000
3011.464844, -5059.470215
0.000000, 0.000000
3064.036621, -5112.038086
0.000000, 0.000000
3117.906494, -5165.910156
0.000000, 0.000000
3173.134033, -5221.135742
0.000000, 0.000000
3229.765137, -5277.767578
0.000000, 0.000000
3287.861328, -5335.861328
0.000000, 0.000000
3347.476074, -5395.477051
0.000000, 0.000000
3408.672119, -5456.674316
0.000000, 0.000000
3471.515137, -5519.516602
0.000000, 0.000000
3536.077148, -5584.077148
0.000000, 0.000000
3602.426758, -5650.429688
0.000000, 0.000000
3670.643066, -5718.645020
0.000000, 0.000000
3740.801025, -5788.804199
0.000000, 0.000000
3812.992188, -5860.998535
0.000000, 0.000000
3887.307617, -5935.310059
0.000000, 0.000000
3963.843994, -6011.847656
0.000000, 0.000000
4042.696289, -6090.680176
0.000000, 0.000000
4123.995117, -6171.996094
0.000000, 0.000000
4207.824219, -6255.835938
0.000000, 0.000000
4294.337402, -6342.334961
0.000000, 0.000000
4383.645020, -6431.643555
0.000000, 0.000000
4475.892578, -6523.896484
0.000000, 0.000000
4571.233398, -6619.234863
0.000000, 0.000000
4669.824219, -6717.826172
0.000000, 0.000000
4771.836426, -6819.836914
0.000000, 0.000000
4877.457520, -6925.459473
0.000000, 0.000000
4986.877930, -7034.879883
0.000000, 0.000000
5100.311035, -7148.313477
0.000000, 0.000000
5217.985352, -7265.989258
0.000000, 0.000000
5340.146484, -7388.149414
0.000000, 0.000000
5467.054688, -7515.057129
0.000000, 0.000000
5598.996094, -7646.998047
0.000000, 0.000000
5736.280273, -7784.287109
0.000000, 0.000000
5879.247070, -7927.247559
0.000000, 0.000000
6028.245117, -8076.249512
0.000000, 0.000000
6183.680664, -8231.681641
0.000000, 0.000000
6345.973145, -8393.976562
0.000000, 0.000000
6515.595703, -8563.597656
0.000000, 0.000000
6693.057617, -8741.061523
0.000000, 0.000000
6878.920410, -8926.924805
0.000000, 0.000000
7073.796875, -9121.802734
0.000000, 0.000000
7278.371582, -9326.375000
0.000000, 0.000000
7493.377930, -9541.382812
0.000000, 0.000000
7719.646484, -9767.647461
0.000000, 0.000000
7958.083984, -10006.089844
0.000000, 0.000000
8209.712891, -10257.714844
0.000000, 0.000000
8475.666016, -10523.671875
0.000000, 0.000000
8757.188477, -10805.201172
0.000000, 0.000000
9055.715820, -11103.724609
0.000000, 0.000000
9372.845703, -11420.847656
0.000000, 0.000000
9710.358398, -11758.354492
0.000000, 0.000000
10070.299805, -12118.308594
0.000000, 0.000000
10454.995117, -12503.000000
0.000000, 0.000000
10867.096680, -12915.101562
0.000000, 0.000000
11309.638672, -13357.644531
0.000000, 0.000000
11786.147461, -13834.154297
0.000000, 0.000000
12300.685547, -14348.691406
0.000000, 0.000000
12858.028320, -14906.031250
0.000000, 0.000000
13463.737305, -15511.741211
0.000000, 0.000000
14124.410156, -16172.416992
0.000000, 0.000000
14847.904297, -16895.917969
0.000000, 0.000000
15643.654297, -17691.660156
0.000000, 0.000000
16523.050781, -18571.052734
0.000000, 0.000000
17500.031250, -19548.035156
0.000000, 0.000000
18591.832031, -20639.859375
0.000000, 0.000000
19819.996094, -21868.001953
0.000000, 0.000000
21211.757812, -23259.775391
0.000000, 0.000000
22802.203125, -24850.212891
0.000000, 0.000000
24637.156250, -26685.171875
0.000000, 0.000000
26777.771484, -28825.781250
0.000000, 0.000000
29307.388672, -31355.406250
0.000000, 0.000000
32342.732422, -34390.750000
0.000000, 0.000000
36052.339844, -38100.355469
0.000000, 0.000000
40689.125000, -42737.144531
0.000000, 0.000000
46650.398438, -48698.425781
0.000000, 0.000000
54598.394531, -56646.414062
0.000000, 0.000000
65725.171875, -67773.210938
0.000000, 0.000000
82414.812500, -84462.859375
0.000000, 0.000000
110230.210938, -112278.257812
0.000000, 0.000000
165859.906250, -167908.000000
0.000000, 0.000000
332746.937500, -334795.156250
0.000000, 0.000000
